{"best/epoch": 134, "best/precision": 0.9897387647387648, "best/recall": 0.9796954314720813, "best/mAP_0.5": 0.9927648279031813, "best/mAP_0.5:0.95": 0.6547082015406598, "Labels": {"_type": "images/separated", "width": 1600, "height": 1600, "format": "jpg", "count": 2, "filenames": ["media/images/Labels_0_e90b163d801ea12acdc0.jpg", "media/images/Labels_0_3634e7978c16d20cebd2.jpg"], "captions": ["labels.jpg", "labels_correlogram.jpg"]}, "Mosaics": {"_type": "images/separated", "width": 1280, "height": 1280, "format": "jpg", "count": 3, "filenames": ["media/images/Mosaics_0_7fb4fef8fde02df0ebba.jpg", "media/images/Mosaics_0_732ad05af73222b98b7e.jpg", "media/images/Mosaics_0_a131ac7795c03b189bc2.jpg"], "captions": ["train_batch0.jpg", "train_batch1.jpg", "train_batch2.jpg"]}, "train/box_loss": 0.030846642330288887, "train/obj_loss": 0.014930603094398975, "train/cls_loss": 0.0, "metrics/precision": 0.9702879750273811, "metrics/recall": 0.9949238578680203, "metrics/mAP_0.5": 0.9926693224803609, "metrics/mAP_0.5:0.95": 0.6072514099867379, "val/box_loss": 0.02628379501402378, "val/obj_loss": 0.01441632118076086, "val/cls_loss": 0.0, "x/lr0": 0.005446000000000001, "x/lr1": 0.005446000000000001, "x/lr2": 0.005446000000000001, "_timestamp": 1649419330, "_runtime": 5152, "_step": 139, "BoundingBoxDebugger": {"_type": "images/separated", "width": 672, "height": 384, "format": "png", "count": 16, "filenames": ["media/images/BoundingBoxDebugger_119_cc6ce889fffeaa7f8f84.png", "media/images/BoundingBoxDebugger_119_c7e1eb050e1ea0d66742.png", "media/images/BoundingBoxDebugger_119_b59e4c4fda0f9b60749b.png", "media/images/BoundingBoxDebugger_119_1ba01034855736812d1e.png", "media/images/BoundingBoxDebugger_119_086c4a09fd15759d0619.png", "media/images/BoundingBoxDebugger_119_9bddde23e97d016548bd.png", "media/images/BoundingBoxDebugger_119_bbc10dfea9932c7f17d0.png", "media/images/BoundingBoxDebugger_119_f48e09cb2c500ea5a84b.png", "media/images/BoundingBoxDebugger_119_add7ee0f4fade02bd0fa.png", "media/images/BoundingBoxDebugger_119_1689118a815a15c24b54.png", "media/images/BoundingBoxDebugger_119_610bb0e4641c090432f1.png", "media/images/BoundingBoxDebugger_119_0f7307ae62507b21d588.png", "media/images/BoundingBoxDebugger_119_a39648c9ebed9ccb8e6a.png", "media/images/BoundingBoxDebugger_119_1b4a9445749025e24902.png", "media/images/BoundingBoxDebugger_119_3385d594d8241a349ff6.png", "media/images/BoundingBoxDebugger_119_6e016b289cfe31528c38.png"], "captions": ["20220408_164007.png", "20220408_164811.png", "20220408_164809.png", "20220408_164806.png", "20220408_164709.png", "20220408_164707.png", "20220408_164704.png", "20220408_164702.png", "20220408_164814.png", "20220408_164659.png", "20220408_164653.png", "20220408_164651.png", "20220408_164649.png", "20220408_164646.png", "20220408_164644.png", "20220408_164641.png"], "all_boxes": [{"predictions": {"_type": "boxes2D", "path": "media/metadata/boxes2D/BoundingBoxDebugger_119_b148b1f180e1a771cb47.boxes2D.json", "sha256": "b148b1f180e1a771cb47a47f84feda3df22d851f3b76bd0e8499a7e3071f6c7a", "size": 10965}}, {"predictions": {"_type": "boxes2D", "path": "media/metadata/boxes2D/BoundingBoxDebugger_119_b955e793aa56ed16595e.boxes2D.json", "sha256": "b955e793aa56ed16595e9f8c7b2e05265ccf4f86a25a916e1d1f934bbe4bd1c2", "size": 4497}}, {"predictions": {"_type": "boxes2D", "path": "media/metadata/boxes2D/BoundingBoxDebugger_119_a428e68cd8b92d11c036.boxes2D.json", "sha256": "a428e68cd8b92d11c036472c9f9d2810be24adf277a414b47e6118af36c2524a", "size": 2137}}, {"predictions": {"_type": "boxes2D", "path": "media/metadata/boxes2D/BoundingBoxDebugger_119_4a17641bd9e5f9519ec3.boxes2D.json", "sha256": "4a17641bd9e5f9519ec38412ee285fce7aa3733ca287e2bafd1cad7a11a314a1", "size": 3908}}, {"predictions": {"_type": "boxes2D", "path": "media/metadata/boxes2D/BoundingBoxDebugger_119_670102449ed42ef7f6c7.boxes2D.json", "sha256": "670102449ed42ef7f6c750195fa333db24c50519bb01d361a899883aa3ee9510", "size": 6405}}, {"predictions": {"_type": "boxes2D", "path": "media/metadata/boxes2D/BoundingBoxDebugger_119_e12603e132311e353def.boxes2D.json", "sha256": "e12603e132311e353defd25090b5fed292a5fc61fb60fceaf98de0e4b3b302ff", "size": 2939}}, {"predictions": {"_type": "boxes2D", "path": "media/metadata/boxes2D/BoundingBoxDebugger_119_7c49b2749d2ed385e245.boxes2D.json", "sha256": "7c49b2749d2ed385e24598607411c7036c7d42c1d9f1c76f38b508f201b6a6e5", "size": 6976}}, {"predictions": {"_type": "boxes2D", "path": "media/metadata/boxes2D/BoundingBoxDebugger_119_c5509004d1d680dce746.boxes2D.json", "sha256": "c5509004d1d680dce74622c9f4a7eec8e8fe643aa2d43b4070400d534bed9399", "size": 1584}}, {"predictions": {"_type": "boxes2D", "path": "media/metadata/boxes2D/BoundingBoxDebugger_119_961180614c4b235a5da7.boxes2D.json", "sha256": "961180614c4b235a5da72bcd146fa9e7d68ba514435a160892474c8c65c2853d", "size": 3536}}, {"predictions": {"_type": "boxes2D", "path": "media/metadata/boxes2D/BoundingBoxDebugger_119_b89d22582936290b166c.boxes2D.json", "sha256": "b89d22582936290b166c583578c66d920c74c8e2e9f6f032845f43bc4b1c6503", "size": 5414}}, {"predictions": {"_type": "boxes2D", "path": "media/metadata/boxes2D/BoundingBoxDebugger_119_da9b9ce8457cfa36fef0.boxes2D.json", "sha256": "da9b9ce8457cfa36fef0394821b717866a9c669549975554bbf8b9bd41ddcc1b", "size": 2739}}, {"predictions": {"_type": "boxes2D", "path": "media/metadata/boxes2D/BoundingBoxDebugger_119_311abcee3645b1f22575.boxes2D.json", "sha256": "311abcee3645b1f22575f5ebc03af2cbe37c367cb103a1c57f32f775e715db2b", "size": 7574}}, {"predictions": {"_type": "boxes2D", "path": "media/metadata/boxes2D/BoundingBoxDebugger_119_af13d325dddb66577527.boxes2D.json", "sha256": "af13d325dddb66577527271ccf77ff629567a4236b3cbe605b0e2cb978367cf6", "size": 5223}}, {"predictions": {"_type": "boxes2D", "path": "media/metadata/boxes2D/BoundingBoxDebugger_119_3507694c0c7fc71d2cfc.boxes2D.json", "sha256": "3507694c0c7fc71d2cfc4f715de66afa9926c40618dcbb8ade745013072ed4b4", "size": 3851}}, {"predictions": {"_type": "boxes2D", "path": "media/metadata/boxes2D/BoundingBoxDebugger_119_4e30e40450b2b9d87262.boxes2D.json", "sha256": "4e30e40450b2b9d8726249d09f76cd398293f0edc7a86b8c08b483a1367a643a", "size": 5829}}, {"predictions": {"_type": "boxes2D", "path": "media/metadata/boxes2D/BoundingBoxDebugger_119_007b8c50bd30b8fb972d.boxes2D.json", "sha256": "007b8c50bd30b8fb972d0ebc70f0457bb8d4ee3c49ac0cf5c9c5ca7b11e3bf52", "size": 5600}}]}}